{
  "traditional_cv": {
    "accuracy": 0.9663357790246008,
    "precision": 0.993408203125,
    "recall": 0.9633049242424242,
    "f1_score": 0.978125,
    "confusion_matrix": [
      [
        3466,
        81
      ],
      [
        465,
        12207
      ]
    ],
    "inference_time": 0.7173075675964355,
    "fps": 22610.942268944487
  },
  "svm": {
    "accuracy": 0.9890252173376903,
    "precision": 0.995714965878432,
    "recall": 0.9902146464646465,
    "f1_score": 0.9929571892062989,
    "confusion_matrix": [
      [
        3493,
        54
      ],
      [
        124,
        12548
      ]
    ],
    "inference_time": 0.6738767623901367,
    "fps": 24068.198972277532
  }
}